"Date","Price","Open","High","Low","Vol.","Change %"
"08/01/2023","1,943.15","2,002.15","2,002.95","1,911.80","170.04K","-3.29%"
"07/01/2023","2,009.20","1,945.40","2,010.90","1,927.60","246.57K","4.14%"
"06/01/2023","1,929.40","1,981.30","2,000.70","1,900.60","3.65M","-2.66%"
"05/01/2023","1,982.10","2,019.10","2,102.20","1,949.60","1.45M","-1.79%"
"04/01/2023","2,018.30","2,007.50","2,080.80","1,984.50","117.36K","0.71%"
"03/01/2023","2,004.10","1,865.40","2,047.90","1,848.60","71.23K","8.14%"
"02/01/2023","1,853.20","1,959.70","1,992.10","1,827.60","111.60K","-5.55%"
"01/01/2023","1,962.20","1,847.20","1,966.60","1,846.10","1.02M","6.51%"
"12/01/2022","1,842.20","1,798.00","1,857.00","1,793.60","85.55K","3.78%"
"11/01/2022","1,775.10","1,649.90","1,806.00","1,632.40","983.80K","7.26%"
"10/01/2022","1,654.90","1,682.40","1,751.60","1,635.00","162.45K","-1.78%"
"09/01/2022","1,684.90","1,723.00","1,746.40","1,622.20","3.83M","-2.39%"
"08/01/2022","1,726.20","1,782.50","1,824.60","1,720.60","3.19M","-3.12%"
"07/01/2022","1,781.80","1,814.80","1,823.90","1,686.30","445.17K","-1.90%"
"06/01/2022","1,816.30","1,846.20","1,890.60","1,811.90","45.88K","-2.15%"
"05/01/2022","1,856.30","1,903.10","1,917.60","1,792.00","972.49K","-3.25%"
"04/01/2022","1,918.60","1,947.90","2,009.50","1,877.80","137.88K","-2.09%"
"03/01/2022","1,959.50","1,912.20","2,082.00","1,893.20","1.25M","2.91%"
"02/01/2022","1,904.00","1,800.90","1,979.10","1,791.60","156.58K","5.82%"
"01/01/2022","1,799.20","1,832.90","1,856.70","1,783.80","1.27M","-1.74%"
"12/01/2021","1,831.00","1,778.40","1,833.60","1,755.40","100.64K","2.96%"
"11/01/2021","1,778.30","1,786.80","1,881.90","1,761.00","1.17M","-0.43%"
"10/01/2021","1,785.90","1,759.10","1,817.50","1,747.90","107.65K","1.56%"
"09/01/2021","1,758.50","1,816.70","1,836.90","1,723.70","3.25M","-3.28%"
"08/01/2021","1,818.10","1,817.00","1,835.90","1,677.90","3.66M","0.05%"
"07/01/2021","1,817.20","1,772.50","1,837.50","1,768.30","471.87K","2.46%"
"06/01/2021","1,773.50","1,909.30","1,920.50","1,752.50","30.10K","-7.00%"
"05/01/2021","1,906.90","1,770.40","1,915.60","1,768.50","1.01M","7.75%"
"04/01/2021","1,769.80","1,711.40","1,800.00","1,708.80","92.11K","3.05%"
"03/01/2021","1,717.50","1,735.40","1,759.90","1,676.20","1.02M","-0.81%"
"02/01/2021","1,731.60","1,867.30","1,877.80","1,718.10","136.60K","-6.54%"
"01/01/2021","1,852.70","1,912.50","1,966.80","1,804.70","1.05M","-2.47%"
"12/01/2020","1,899.60","1,784.10","1,915.40","1,783.30","96.21K","6.43%"
"11/01/2020","1,784.80","1,885.30","1,973.30","1,771.30","939.99K","-5.43%"
"10/01/2020","1,887.20","1,901.10","1,945.30","1,866.70","110.00K","-0.81%"
"09/01/2020","1,902.60","1,973.70","2,001.20","1,851.00","5.45M","-3.84%"
"08/01/2020","1,978.60","1,997.40","2,089.20","1,874.20","7.18M","-0.37%"
"07/01/2020","1,985.90","1,806.90","2,005.40","1,777.50","729.52K","9.72%"
"06/01/2020","1,810.00","1,766.50","1,813.00","1,683.80","43.86K","2.80%"
"05/01/2020","1,760.70","1,699.70","1,787.50","1,683.30","856.83K","3.51%"
"04/01/2020","1,701.00","1,590.70","1,789.00","1,580.00","165.00K","6.54%"
"03/01/2020","1,596.60","1,598.40","1,707.80","1,453.00","1.58M","1.58%"
"02/01/2020","1,571.80","1,603.60","1,697.00","1,556.90","319.70K","-1.38%"
"01/01/2020","1,593.80","1,527.50","1,619.60","1,526.00","1.44M","4.22%"
"12/01/2019","1,529.30","1,474.10","1,534.50","1,465.80","176.48K","3.46%"
"11/01/2019","1,478.10","1,521.40","1,525.20","1,453.10","1.39M","-2.87%"
"10/01/2019","1,521.80","1,485.80","1,532.40","1,471.80","208.55K","2.85%"
"09/01/2019","1,479.60","1,535.20","1,566.20","1,477.10","7.30M","-3.26%"
"08/01/2019","1,529.40","1,425.60","1,565.00","1,412.10","9.04M","6.37%"
"07/01/2019","1,437.80","1,411.00","1,460.30","1,390.90","800.95K","1.28%"
"06/01/2019","1,419.60","1,317.40","1,447.00","1,317.40","38.91K","7.80%"
"05/01/2019","1,316.90","1,291.10","1,317.50","1,273.20","974.68K","1.95%"
"04/01/2019","1,291.70","1,302.90","1,320.70","1,274.00","110.51K","-0.98%"
"03/01/2019","1,304.50","1,322.00","1,330.80","1,287.50","1.01M","-1.38%"
"02/01/2019","1,322.70","1,332.10","1,356.00","1,311.30","110.39K","-0.67%"
"01/01/2019","1,331.60","1,291.40","1,337.20","1,281.50","957.14K","3.41%"
"12/01/2018","1,287.70","1,233.30","1,292.60","1,233.00","112.60K","4.54%"
"11/01/2018","1,231.80","1,222.30","1,245.00","1,202.40","990.04K","0.90%"
"10/01/2018","1,220.80","1,201.70","1,252.00","1,192.00","160.30K","1.57%"
"09/01/2018","1,201.90","1,206.30","1,218.00","1,190.00","4.60M","-0.40%"
"08/01/2018","1,206.70","1,232.70","1,233.70","1,167.10","6.04M","-2.18%"
"07/01/2018","1,233.60","1,260.00","1,272.30","1,215.70","644.48K","-2.11%"
"06/01/2018","1,260.20","1,309.60","1,318.90","1,253.00","57.96K","-3.86%"
"05/01/2018","1,310.80","1,322.10","1,332.40","1,286.80","1.10M","-1.09%"
"04/01/2018","1,325.30","1,336.30","1,375.10","1,317.00","142.49K","-0.60%"
"03/01/2018","1,333.30","1,325.60","1,362.60","1,309.30","1.19M","0.73%"
"02/01/2018","1,323.70","1,352.50","1,369.60","1,314.50","187.33K","-1.83%"
"01/01/2018","1,348.40","1,309.90","1,370.50","1,309.30","1.28M","2.62%"
"12/01/2017","1,314.00","1,281.70","1,314.60","1,242.70","89.44K","2.57%"
"11/01/2017","1,281.10","1,275.70","1,304.50","1,270.10","956.69K","0.50%"
"10/01/2017","1,274.70","1,286.60","1,312.70","1,267.00","138.59K","-1.10%"
"09/01/2017","1,288.90","1,326.90","1,362.40","1,282.50","6.23M","-2.52%"
"08/01/2017","1,322.20","1,275.60","1,331.90","1,257.10","6.47M","3.83%"
"07/01/2017","1,273.40","1,245.70","1,277.30","1,207.60","532.99K","2.20%"
"06/01/2017","1,246.00","1,274.80","1,302.10","1,240.90","43.11K","-2.58%"
"05/01/2017","1,279.00","1,273.10","1,280.00","1,217.80","697.15K","0.57%"
"04/01/2017","1,271.70","1,254.30","1,300.30","1,248.80","82.43K","1.37%"
"03/01/2017","1,254.50","1,252.00","1,264.20","1,198.00","802.35K","-0.21%"
"02/01/2017","1,257.20","1,216.00","1,268.10","1,203.40","114.90K","3.52%"
"01/01/2017","1,214.50","1,154.40","1,223.00","1,149.70","738.56K","5.22%"
"12/01/2016","1,154.30","1,178.70","1,192.60","1,127.20","90.69K","-1.93%"
"11/01/2016","1,177.00","1,281.90","1,341.00","1,172.80","833.00K","-7.82%"
"10/01/2016","1,276.90","1,324.60","1,325.70","1,246.90","169.63K","-3.33%"
"09/01/2016","1,320.90","1,311.70","1,357.60","1,305.50","3.30M","0.72%"
"08/01/2016","1,311.40","1,357.20","1,374.20","1,306.90","3.98M","-3.40%"
"07/01/2016","1,357.50","1,329.10","1,380.90","1,314.70","578.21K","2.53%"
"06/01/2016","1,324.00","1,220.90","1,365.50","1,212.30","81.17K","8.50%"
"05/01/2016","1,220.30","1,296.60","1,308.00","1,205.00","938.19K","-5.59%"
"04/01/2016","1,292.60","1,236.00","1,300.50","1,211.80","117.74K","4.49%"
"03/01/2016","1,237.00","1,239.60","1,287.80","1,207.70","883.60K","0.15%"
"02/01/2016","1,235.10","1,116.20","1,264.10","1,116.20","136.29K","10.59%"
"01/01/2016","1,116.80","1,062.10","1,128.70","1,061.90","654.09K","5.28%"
"12/01/2015","1,060.80","1,064.80","1,088.80","1,046.60","91.25K","-0.49%"
"11/01/2015","1,066.00","1,142.20","1,143.10","1,052.50","611.05K","-6.68%"
"10/01/2015","1,142.30","1,115.90","1,192.10","1,106.00","70.57K","2.36%"
"09/01/2015","1,116.00","1,133.80","1,156.40","1,097.70","2.41M","-1.46%"
"08/01/2015","1,132.50","1,095.10","1,169.80","1,080.20","3.18M","3.42%"
"07/01/2015","1,095.10","1,171.60","1,175.30","1,072.80","451.20K","-6.63%"
"06/01/2015","1,172.80","1,193.30","1,205.50","1,163.20","22.07K","-1.50%"
"05/01/2015","1,190.70","1,184.00","1,232.80","1,170.00","582.63K","0.62%"
"04/01/2015","1,183.40","1,184.00","1,225.00","1,175.20","58.90K","-0.06%"
"03/01/2015","1,184.10","1,214.90","1,223.70","1,142.40","730.99K","-2.46%"
"02/01/2015","1,214.00","1,280.20","1,286.50","1,190.80","66.38K","-5.16%"
"01/01/2015","1,280.00","1,185.00","1,308.80","1,168.30","631.89K","8.03%"
"12/01/2014","1,184.90","1,159.20","1,239.40","1,143.40","85.96K","0.76%"
"11/01/2014","1,176.00","1,171.10","1,208.20","1,132.00","585.60K","0.31%"
"10/01/2014","1,172.40","1,208.50","1,256.20","1,161.90","111.55K","-3.29%"
"09/01/2014","1,212.30","1,288.50","1,290.90","1,205.00","2.68M","-5.83%"
"08/01/2014","1,287.40","1,284.20","1,324.30","1,273.40","2.19M","0.36%"
"07/01/2014","1,282.80","1,327.80","1,347.00","1,281.30","341.64K","-2.99%"
"06/01/2014","1,322.40","1,247.50","1,330.30","1,240.90","33.37K","6.11%"
"05/01/2014","1,246.30","1,292.10","1,315.70","1,243.00","568.51K","-3.83%"
"04/01/2014","1,296.00","1,283.60","1,331.00","1,268.50","86.98K","0.93%"
"03/01/2014","1,284.10","1,330.60","1,392.20","1,283.40","600.36K","-2.86%"
"02/01/2014","1,321.90","1,243.20","1,345.90","1,241.20","104.74K","6.58%"
"01/01/2014","1,240.30","1,204.00","1,280.10","1,203.70","611.97K","3.10%"
"12/01/2013","1,203.00","1,251.90","1,266.70","1,182.30","77.12K","-3.86%"
"11/01/2013","1,251.30","1,324.30","1,327.80","1,226.40","482.77K","-5.53%"
"10/01/2013","1,324.50","1,328.40","1,362.30","1,253.70","101.95K","-0.24%"
"09/01/2013","1,327.70","1,394.00","1,416.40","1,291.50","2.86M","-4.90%"
"08/01/2013","1,396.10","1,323.40","1,434.00","1,271.80","3.20M","6.33%"
"07/01/2013","1,313.00","1,235.80","1,348.00","1,208.50","460.31K","7.20%"
"06/01/2013","1,224.80","1,391.20","1,424.00","1,182.60","49.24K","-12.15%"
"05/01/2013","1,394.20","1,476.90","1,488.50","1,338.00","660.85K","-5.38%"
"04/01/2013","1,473.50","1,602.60","1,604.10","1,323.00","166.47K","-7.76%"
"03/01/2013","1,597.40","1,581.40","1,618.30","1,562.50","602.97K","1.11%"
"02/01/2013","1,579.80","1,665.00","1,689.10","1,556.40","137.36K","-4.95%"
"01/01/2013","1,662.00","1,675.80","1,697.10","1,630.00","350.11K","-0.89%"
"12/01/2012","1,676.90","1,715.50","1,725.00","1,636.00","2.29M","-2.09%"
"11/01/2012","1,712.70","1,724.00","1,756.00","1,678.20","325.21K","-0.44%"
"10/01/2012","1,720.20","1,773.70","1,798.10","1,698.70","2.75M","-3.03%"
"09/01/2012","1,773.90","1,702.20","1,787.50","1,692.60","342.55K","5.19%"
"08/01/2012","1,686.40","1,615.80","1,688.80","1,584.20","211.66K","4.59%"
"07/01/2012","1,612.40","1,591.60","1,629.30","1,557.80","19.88K","0.44%"
"06/01/2012","1,605.30","1,561.80","1,642.40","1,545.50","2.94M","2.63%"
"05/01/2012","1,564.20","1,658.00","1,658.00","1,528.20","456.96K","-6.07%"
"04/01/2012","1,665.30","1,671.50","1,685.40","1,613.00","2.37M","-0.39%"
"03/01/2012","1,671.90","1,701.00","1,725.00","1,628.80","282.59K","-2.38%"
"02/01/2012","1,712.60","1,739.80","1,789.50","1,695.10","2.61M","-1.60%"
"01/01/2012","1,740.40","1,574.40","1,750.60","1,574.40","300.14K","10.99%"
"12/01/2011","1,568.00","1,752.50","1,767.10","1,550.90","2.46M","-10.42%"
"11/01/2011","1,750.30","1,724.80","1,804.00","1,670.60","349.60K","1.40%"
"10/01/2011","1,726.20","1,625.10","1,765.00","1,596.60","2.64M","6.40%"
"09/01/2011","1,622.30","1,877.30","1,915.50","1,540.00","350.54K","-11.36%"
"08/01/2011","1,830.30","1,620.60","1,915.00","1,608.10","358.12K","12.30%"
"07/01/2011","1,629.90","1,499.40","1,636.30","1,482.30","48.10K","8.42%"
"06/01/2011","1,503.30","1,536.60","1,559.30","1,490.80","2.62M","-2.18%"
"05/01/2011","1,536.80","1,570.50","1,575.90","1,464.90","259.76K","-1.30%"
"04/01/2011","1,557.00","1,433.80","1,565.40","1,413.50","2.57M","8.13%"
"03/01/2011","1,439.90","1,415.50","1,448.50","1,384.90","298.53K","2.08%"
"02/01/2011","1,410.60","1,334.00","1,418.80","1,325.30","2.29M","5.70%"
"01/01/2011","1,334.50","1,416.50","1,423.80","1,309.10","424.08K","-6.19%"
"12/01/2010","1,422.50","1,387.70","1,432.50","1,361.60","2.52M","2.63%"
"11/01/2010","1,386.10","1,359.30","1,425.00","1,327.00","359.87K","2.02%"
"10/01/2010","1,358.70","1,309.60","1,388.10","1,307.30","3.11M","3.75%"
"09/01/2010","1,309.60","1,247.90","1,317.50","1,242.00","298.92K","4.80%"
"08/01/2010","1,249.60","1,182.80","1,244.50","1,175.40","148.99K","5.68%"
"07/01/2010","1,182.40","1,200.00","1,218.20","1,156.40","28.37K","-5.17%"
"06/01/2010","1,246.90","1,216.70","1,266.50","1,198.10","2.40M","2.63%"
"05/01/2010","1,215.00","1,182.00","1,249.10","1,158.50","241.45K","2.84%"
"04/01/2010","1,181.40","1,114.60","1,181.90","1,112.30","2.46M","6.00%"
"03/01/2010","1,114.50","1,118.60","1,145.80","1,086.10","225.33K","-0.45%"
"02/01/2010","1,119.50","1,081.90","1,131.50","1,044.50","3.03M","3.29%"
"01/01/2010","1,083.80","1,095.00","1,162.50","1,074.40","404.24K","-1.19%"
"12/01/2009","1,096.90","1,181.40","1,227.50","1,075.20","3.62M","-7.22%"
"11/01/2009","1,182.30","1,092.90","1,196.80","1,087.80","454.22K","13.58%"
"10/01/2009","1,040.90","1,008.30","1,072.00","987.00","2.76M","3.13%"
"09/01/2009","1,009.30","950.60","1,020.90","950.50","248.99K","5.93%"
"08/01/2009","952.80","954.80","972.70","930.20","94.56K","-0.18%"
"07/01/2009","954.50","933.80","959.30","905.80","21.89K","2.84%"
"06/01/2009","928.10","981.00","992.10","913.20","1.93M","-5.32%"
"05/01/2009","980.30","888.60","982.00","886.30","228.30K","9.90%"
"04/01/2009","892.00","920.00","935.80","865.00","1.50M","-3.57%"
"03/01/2009","925.00","902.00","966.80","884.70","210.76K","-1.96%"
"02/01/2009","943.50","927.00","1,007.70","890.30","1.97M","1.63%"
"01/01/2009","928.40","876.70","931.30","804.60","263.76K","4.93%"
"12/01/2008","884.80","819.00","892.00","741.20","1.66M","8.03%"
"11/01/2008","819.00","739.20","834.00","700.00","128.48K","13.92%"
"10/01/2008","718.90","876.90","936.30","681.00","2.64M","-18.38%"
"09/01/2008","880.80","808.90","932.00","743.50","326.35K","5.71%"
"08/01/2008","833.20","917.70","921.30","774.00","131.19K","-9.24%"
"07/01/2008","918.00","942.80","992.00","897.90","40.50K","-1.35%"
"06/01/2008","930.60","891.30","932.50","859.60","2.23M","4.39%"
"05/01/2008","891.50","867.70","937.30","850.00","260.95K","2.80%"
"04/01/2008","867.20","920.50","956.20","873.40","2.31M","-5.89%"
"03/01/2008","921.50","985.90","1,034.30","908.70","248.14K","-5.73%"
"02/01/2008","977.50","929.80","977.60","888.40","2.17M","5.33%"
"01/01/2008","928.00","847.70","942.20","847.70","234.80K","10.32%"
"12/01/2007","841.20","789.40","838.50","783.00","1.42M","6.60%"
"11/01/2007","789.10","811.50","841.90","778.10","233.65K","-1.18%"
"10/01/2007","798.50","750.60","798.30","726.30","2.13M","6.47%"
"09/01/2007","750.00","688.50","752.80","686.60","185.62K","10.49%"
"08/01/2007","678.80","668.60","682.00","646.40","67.86K","0.86%"
"07/01/2007","673.00","659.00","690.40","656.00","11.86K","2.92%"
"06/01/2007","653.90","666.50","679.50","641.10","1.29M","-1.92%"
"05/01/2007","666.70","689.40","694.60","656.30","152.69K","-2.91%"
"04/01/2007","686.70","671.10","698.00","661.70","1.19M","2.65%"
"03/01/2007","669.00","656.20","673.80","642.50","151.19K","-0.98%"
"02/01/2007","675.60","658.50","699.00","648.00","1.12M","2.69%"
"01/01/2007","657.90","649.00","660.70","608.00","131.40K","2.62%"
"12/01/2006","641.10","655.00","655.50","615.10","683.28K","-1.81%"
"11/01/2006","652.90","627.00","654.50","626.50","71.88K","7.07%"
"10/01/2006","609.80","604.00","618.50","563.50","652.91K","0.93%"
"09/01/2006","604.20","633.50","633.50","586.00","81.87K","-4.28%"
"08/01/2006","631.20","640.40","662.50","610.00","61.93K","-1.44%"
"07/01/2006","640.40","654.00","667.00","610.00","5.52K","3.41%"
"06/01/2006","619.30","649.80","651.30","546.40","959.91K","-4.58%"
"05/01/2006","649.00","664.40","730.00","641.00","134.52K","-1.32%"
"04/01/2006","657.70","587.80","653.00","586.30","1.02M","12.10%"
"03/01/2006","586.70","545.00","594.60","545.00","173.78K","3.57%"
"02/01/2006","566.50","575.00","579.50","537.80","989.37K","-1.56%"
"01/01/2006","575.50","537.30","577.30","525.00","131.20K","10.42%"
"12/01/2005","521.20","498.00","544.50","492.30","1.00M","4.51%"
"11/01/2005","498.70","458.50","506.70","458.50","129.39K","6.38%"
"10/01/2005","468.80","471.50","483.10","462.00","993.57K","-0.74%"
"09/01/2005","472.30","473.10","477.80","471.10","119.62K","8.18%"
"08/01/2005","436.60","432.60","452.20","431.60","155.01K","0.88%"
"07/01/2005","432.80","422.00","433.50","422.00","9.90K","-1.32%"
"06/01/2005","438.60","418.70","445.40","416.70","1.08M","4.70%"
"05/01/2005","418.90","422.70","422.90","415.80","132.97K","-4.23%"
"04/01/2005","437.40","431.10","439.10","423.50","731.94K","1.46%"
"03/01/2005","431.10","435.70","435.70","428.00","77.71K","-1.75%"
"02/01/2005","438.80","424.30","438.20","411.50","740.43K","3.47%"
"01/01/2005","424.10","420.00","429.70","420.00","131.99K","-3.48%"
"12/01/2004","439.40","453.40","458.70","432.90","885.97K","-3.05%"
"11/01/2004","453.20","440.60","457.00","439.00","152.65K","5.32%"
"10/01/2004","430.30","420.40","432.00","410.50","913.35K","2.35%"
"09/01/2004","420.40","405.30","420.80","405.30","137.25K","2.11%"
"08/01/2004","411.70","393.40","415.50","388.30","70.61K","4.92%"
"07/01/2004","392.40","407.00","407.00","386.00","9.11K","-0.30%"
"06/01/2004","393.60","396.00","405.60","382.50","769.03K","-0.33%"
"05/01/2004","394.90","378.00","398.00","378.00","43.70K","1.78%"
"04/01/2004","388.00","427.50","433.00","378.60","1.01M","-9.41%"
"03/01/2004","428.30","398.90","428.50","398.90","120.45K","7.80%"
"02/01/2004","397.30","403.10","418.00","392.00","765.58K","-1.39%"
"01/01/2004","402.90","426.30","428.00","397.50","166.89K","-3.29%"
"12/01/2003","416.60","398.90","419.10","397.80","653.30K","4.67%"
"11/01/2003","398.00","398.00","402.00","391.30","54.43K","3.35%"
"10/01/2003","385.10","385.90","393.00","366.50","912.74K","-0.26%"
"09/01/2003","386.10","383.00","389.40","380.20","95.71K","2.60%"
"08/01/2003","376.30","355.50","374.30","346.00","60.86K","6.00%"
"07/01/2003","355.00","352.10","367.00","345.00","7.18K","2.39%"
"06/01/2003","346.70","364.00","370.50","343.50","709.93K","-5.17%"
"05/01/2003","365.60","345.00","371.00","345.00","98.77K","7.59%"
"04/01/2003","339.80","336.80","339.40","319.80","552.34K","0.86%"
"03/01/2003","336.90","353.50","353.50","328.50","58.33K","-3.93%"
"02/01/2003","350.70","368.90","390.80","342.40","760.38K","-4.99%"
"01/01/2003","369.10","347.50","372.70","347.50","82.43K","5.88%"
"12/01/2002","348.60","319.10","355.70","316.60","642.29K","9.69%"
"11/01/2002","317.80","321.50","323.50","317.60","28.40K","-0.31%"
"10/01/2002","318.80","324.30","325.50","309.10","589.66K","-1.97%"
"09/01/2002","325.20","327.30","327.30","320.10","53.34K","3.80%"
"08/01/2002","313.30","302.30","318.80","299.50","43.65K","2.99%"
"07/01/2002","304.20","317.00","326.00","302.00","5.76K","-3.24%"
"06/01/2002","314.40","327.50","331.50","316.60","569.50K","-4.00%"
"05/01/2002","327.50","314.20","330.20","314.20","74.24K","5.71%"
"04/01/2002","309.80","304.00","313.50","298.00","452.94K","2.01%"
"03/01/2002","303.70","303.90","305.80","301.50","29.62K","2.05%"
"02/01/2002","297.60","283.00","309.40","282.40","525.46K","5.20%"
"01/01/2002","282.90","282.60","284.30","281.40","55.33K","1.29%"
"12/01/2001","279.30","275.80","281.40","271.70","299.63K","1.60%"
"11/01/2001","274.90","281.10","282.30","272.10","56.45K","-2.10%"
"10/01/2001","280.80","293.70","295.90","275.80","389.79K","-4.49%"
"09/01/2001","294.00","276.30","295.50","272.80","34.52K","6.60%"
"08/01/2001","275.80","267.90","282.00","267.00","35.47K","2.95%"
"07/01/2001","267.90","267.00","272.40","265.80","2.73K","-1.51%"
"06/01/2001","272.00","266.80","279.80","265.50","384.58K","1.91%"
"05/01/2001","266.90","275.20","276.20","266.00","116.42K","0.76%"
"04/01/2001","264.90","259.10","269.50","255.80","363.30K","2.20%"
"03/01/2001","259.20","260.10","262.20","258.50","50.11K","-3.61%"
"02/01/2001","268.90","267.80","271.30","255.10","353.16K","0.34%"
"01/01/2001","268.00","274.50","274.50","265.10","53.74K","-2.51%"
"12/01/2000","274.90","273.20","279.90","270.30","292.59K","0.59%"
"11/01/2000","273.30","272.50","273.50","269.50","68.97K","2.09%"
"10/01/2000","267.70","277.30","279.90","263.50","376.98K","-3.32%"
"09/01/2000","276.90","276.00","282.20","275.50","50.35K","-1.39%"
"08/01/2000","280.80","280.30","281.80","272.60","16.04K","0.21%"
"07/01/2000","280.20","286.00","290.40","273.50","5.31K","-4.37%"
"06/01/2000","293.00","275.40","296.50","274.80","539.26K","6.62%"
"05/01/2000","274.80","275.10","277.20","274.50","40.56K","-0.43%"
"04/01/2000","276.00","281.50","291.50","276.40","292.95K","-1.92%"
"03/01/2000","281.40","279.00","283.00","277.50","61.62K","-4.74%"
"02/01/2000","295.40","286.00","326.90","285.00","710.14K","3.21%"
"01/01/2000","286.20","291.50","291.50","283.00","83.45K","-1.55%"
"12/01/1999","290.70","293.00","298.50","276.20","373.32K","-0.78%"
"11/01/1999","293.00","295.50","301.00","292.40","64.33K","-2.66%"
"10/01/1999","301.00","299.10","339.00","287.60","755.82K","0.50%"
"09/01/1999","299.50","311.10","322.40","295.10","132.64K","16.54%"
"08/01/1999","257.00","257.00","263.80","253.00","25.35K","-0.23%"
"07/01/1999","257.60","258.00","260.00","254.00","2.76K","-2.53%"
"06/01/1999","264.30","271.50","272.00","258.50","455.13K","-2.83%"
"05/01/1999","272.00","287.80","287.80","269.40","73.20K","-5.78%"
"04/01/1999","288.70","282.30","290.00","279.10","417.77K","2.41%"
"03/01/1999","281.90","282.50","282.80","280.60","46.20K","-2.52%"
"02/01/1999","289.20","288.50","292.60","285.00","426.47K","0.35%"
"01/01/1999","288.20","294.00","294.00","284.00","77.94K","-0.69%"
"12/01/1998","290.20","295.30","299.50","286.50","445.97K","-1.66%"
"11/01/1998","295.10","294.50","300.00","294.00","85.51K","0.14%"
"10/01/1998","294.70","299.10","306.90","292.00","645.84K","-1.44%"
"09/01/1998","299.00","298.00","299.90","295.40","70.23K","7.71%"
"08/01/1998","277.60","288.60","292.40","273.80","56.33K","-3.74%"
"07/01/1998","288.40","296.50","296.50","287.60","8.31K","-3.61%"
"06/01/1998","299.20","295.40","301.60","285.60","631.78K","1.39%"
"05/01/1998","295.10","294.50","297.00","294.30","68.39K","-4.50%"
"04/01/1998","309.00","303.30","317.00","301.20","577.80K","1.88%"
"03/01/1998","303.30","301.90","305.60","294.30","46.01K","0.76%"
"02/01/1998","301.00","304.60","310.00","291.80","392.64K","-1.18%"
"01/01/1998","304.60","286.00","309.00","280.00","84.05K","4.78%"
"12/01/1997","290.70","298.50","299.10","283.30","502.60K","-2.65%"
"11/01/1997","298.60","318.00","318.00","297.00","73.87K","-4.66%"
"10/01/1997","313.20","336.60","342.10","308.00","824.09K","-7.03%"
"09/01/1997","336.90","329.00","337.90","328.30","142.33K","3.22%"
"08/01/1997","326.40","326.70","331.40","319.00","53.67K","-0.03%"
"07/01/1997","326.50","334.00","334.00","317.50","4.07K","-2.97%"
"06/01/1997","336.50","347.30","347.60","337.50","394.51K","-3.17%"
"05/01/1997","347.50","347.40","350.40","346.50","63.84K","1.49%"
"04/01/1997","342.40","354.30","355.10","339.50","427.92K","-3.28%"
"03/01/1997","354.00","356.00","356.00","347.50","62.14K","-3.33%"
"02/01/1997","366.20","346.30","367.00","338.50","591.26K","5.84%"
"01/01/1997","346.00","352.00","353.00","345.40","95.88K","-6.56%"
"12/01/1996","370.30","373.90","376.10","367.70","369.72K","-1.25%"
"11/01/1996","375.00","376.60","377.30","374.50","0.40K","-1.34%"
"10/01/1996","380.10","380.80","386.50","379.00","416.48K","-0.11%"
"09/01/1996","380.50","383.30","383.70","380.10","57.31K","-2.76%"
"08/01/1996","391.30","390.50","393.50","388.00","62.12K","0.20%"
"07/01/1996","390.50","384.00","391.20","383.80","5.73K","1.98%"
"06/01/1996","382.90","394.50","394.70","384.60","448.29K","-2.92%"
"05/01/1996","394.40","394.20","395.50","393.10","32.30K","-0.08%"
"04/01/1996","394.70","398.60","401.00","391.50","519.22K","-0.93%"
"03/01/1996","398.40","399.60","403.60","396.90","88.04K","-1.02%"
"02/01/1996","402.50","409.20","420.20","397.50","813.74K","-1.47%"
"01/01/1996","408.50","397.20","410.40","396.30","107.41K","4.99%"
"12/01/1995","389.10","388.70","392.40","386.60","315.83K","0.13%"
"11/01/1995","388.60","384.60","390.40","382.70","61.54K","0.86%"
"10/01/1995","385.30","386.20","388.70","382.60","310.44K","-0.31%"
"09/01/1995","386.50","383.30","388.40","382.70","26.04K","0.26%"
"08/01/1995","385.50","385.70","393.00","383.00","35.69K","0.03%"
"07/01/1995","385.40","386.90","391.90","384.80","7.38K","-0.49%"
"06/01/1995","387.30","387.60","395.00","386.30","446.42K","-0.08%"
"05/01/1995","387.60","391.50","392.60","385.30","58.96K","-0.64%"
"04/01/1995","390.10","395.10","401.20","387.50","473.31K","-1.07%"
"03/01/1995","394.30","377.70","402.00","377.70","92.42K","3.82%"
"02/01/1995","379.80","378.70","382.40","376.30","335.19K","0.56%"
"01/01/1995","377.70","382.90","387.10","374.10","52.75K","-2.25%"
"12/01/1994","386.40","383.70","386.40","377.70","363.81K","0.49%"
"11/01/1994","384.50","387.40","389.10","383.70","80.71K","-0.54%"
"10/01/1994","386.60","396.20","399.80","386.60","507.83K","-2.77%"
"09/01/1994","397.60","389.80","399.70","389.80","47.41K","2.13%"
"08/01/1994","389.30","386.90","391.70","377.10","34.68K","0.83%"
"07/01/1994","386.10","389.60","390.90","385.00","4.13K","-0.69%"
"06/01/1994","388.80","390.30","397.90","380.40","616.56K","-0.31%"
"05/01/1994","390.00","378.70","391.40","376.00","57.63K","2.88%"
"04/01/1994","379.10","394.30","395.80","369.50","483.45K","-3.85%"
"03/01/1994","394.30","380.40","396.50","378.00","64.59K","2.82%"
"02/01/1994","383.50","383.50","392.30","375.70","498.96K","-0.03%"
"01/01/1994","383.60","393.00","398.30","377.30","85.24K","-2.34%"
"12/01/1993","392.80","370.80","392.80","370.40","474.17K","5.62%"
"11/01/1993","371.90","363.00","382.60","363.00","89.18K","0.38%"
"10/01/1993","370.50","356.20","376.70","350.00","490.33K","3.75%"
"09/01/1993","357.10","371.70","371.70","343.90","26.46K","-4.72%"
"08/01/1993","374.80","408.20","411.50","366.00","57.83K","-8.41%"
"07/01/1993","409.20","391.50","409.80","388.00","7.38K","7.63%"
"06/01/1993","380.20","379.60","380.20","361.70","653.75K","-0.03%"
"05/01/1993","380.30","356.00","386.50","356.00","49.92K","6.26%"
"04/01/1993","357.90","338.50","360.00","336.00","519.65K","5.48%"
"03/01/1993","339.30","329.90","341.70","327.50","116.21K","2.45%"
"02/01/1993","331.20","330.10","334.60","328.30","330.14K","0.15%"
"01/01/1993","330.70","328.90","333.00","327.50","35.87K","-0.87%"
"12/01/1992","333.60","335.70","340.10","332.00","243.90K","-0.57%"
"11/01/1992","335.50","341.30","341.30","330.70","11.61K","-1.56%"
"10/01/1992","340.80","348.80","353.40","336.90","293.33K","-2.46%"
"09/01/1992","349.40","342.50","357.00","340.20","190.32K","1.45%"
"08/01/1992","344.40","358.30","358.70","334.00","34.74K","-4.17%"
"07/01/1992","359.40","348.30","360.40","347.90","3.37K","4.08%"
"06/01/1992","345.30","338.60","346.90","338.20","357.69K","2.04%"
"05/01/1992","338.40","338.50","340.10","336.60","55.08K","-0.12%"
"04/01/1992","338.80","346.00","346.90","336.20","335.46K","-1.94%"
"03/01/1992","345.50","353.60","415.00","339.50","50.60K","-2.73%"
"02/01/1992","355.20","359.40","360.50","349.40","299.38K","-1.03%"
"01/01/1992","358.90","354.20","361.30","351.30","72.49K","0.73%"
"12/01/1991","356.30","371.50","374.90","353.50","446.04K","-3.99%"
"11/01/1991","371.10","358.30","372.00","356.10","28.59K","2.83%"
"10/01/1991","360.90","357.00","367.40","356.70","453.05K","1.01%"
"09/01/1991","357.30","351.30","359.50","346.60","53.96K","1.71%"
"08/01/1991","351.30","367.00","367.00","351.30","17.06K","-4.33%"
"07/01/1991","367.20","371.60","375.00","364.00","4.79K","-1.21%"
"06/01/1991","371.70","366.80","377.90","361.50","403.62K","1.89%"
"05/01/1991","364.80","359.50","367.70","356.80","50.08K","1.47%"
"04/01/1991","359.50","359.40","368.20","354.60","349.70K","0.03%"
"03/01/1991","359.40","370.30","372.80","356.60","50.86K","-3.05%"
"02/01/1991","370.70","372.80","373.70","357.00","400.87K","0.60%"
"01/01/1991","368.50","392.60","405.90","367.80","64.01K","-7.37%"
"12/01/1990","397.80","384.90","400.00","369.10","434.09K","3.14%"
"11/01/1990","385.70","385.10","393.30","380.00","59.87K","0.63%"
"10/01/1990","383.30","402.00","404.00","361.50","753.89K","-6.08%"
"09/01/1990","408.10","388.30","414.30","382.60","74.17K","5.48%"
"08/01/1990","386.90","375.00","420.20","374.60","97.25K","3.28%"
"07/01/1990","374.60","362.50","377.90","356.80","4.31K","3.48%"
"06/01/1990","362.00","367.70","368.90","348.20","418.93K","-1.79%"
"05/01/1990","368.60","374.40","379.50","365.00","47.21K","-1.39%"
"04/01/1990","373.80","372.30","385.40","371.80","397.66K","-0.32%"
"03/01/1990","375.00","411.90","411.90","368.80","77.88K","-8.94%"
"02/01/1990","411.80","418.70","430.30","409.60","743.87K","-1.44%"
"01/01/1990","417.80","404.50","427.00","397.00","101.31K","2.50%"
"12/01/1989","407.60","418.20","424.20","402.00","746.54K","-2.37%"
"11/01/1989","417.50","378.00","422.40","378.00","96.29K","9.96%"
"10/01/1989","379.70","371.80","387.00","364.30","562.00K","2.07%"
"09/01/1989","372.00","363.60","374.60","362.80","63.00K","2.31%"
"08/01/1989","363.60","374.50","379.00","361.60","18.27K","-2.96%"
"07/01/1989","374.70","390.60","390.90","370.00","4.97K","-1.21%"
"06/01/1989","379.30","366.30","385.90","360.50","751.11K","3.49%"
"05/01/1989","366.50","382.90","384.00","365.30","64.34K","-4.23%"
"04/01/1989","382.70","390.30","396.90","382.70","511.68K","-1.87%"
"03/01/1989","390.00","389.60","400.50","385.50","68.29K","-0.74%"
"02/01/1989","392.90","396.00","401.20","382.00","637.06K","-0.73%"
"01/01/1989","395.80","415.90","415.90","393.10","72.49K","-4.58%"
"12/01/1988","414.80","429.80","438.00","413.00","504.17K","-3.45%"
"11/01/1988","429.60","416.50","429.80","416.50","62.67K","2.87%"
"10/01/1988","417.60","398.80","418.30","398.10","565.78K","4.61%"
"09/01/1988","399.20","435.80","435.80","396.80","61.83K","-8.65%"
"08/01/1988","437.00","441.70","443.00","427.00","31.17K","-1.06%"
"07/01/1988","441.70","442.10","450.30","429.20","6.42K","0.34%"
"06/01/1988","440.20","461.70","473.80","439.80","741.57K","-4.26%"
"05/01/1988","459.80","453.30","464.90","447.30","46.67K","0.61%"
"04/01/1988","457.00","461.50","464.00","448.20","510.01K","-0.20%"
"03/01/1988","457.90","434.40","463.20","431.10","70.26K","5.07%"
"02/01/1988","435.80","458.50","461.90","428.90","588.95K","-4.95%"
"01/01/1988","458.50","483.10","488.80","454.00","83.51K","-6.22%"
"12/01/1987","488.90","493.50","507.40","475.00","636.62K","-1.67%"
"11/01/1987","497.20","478.00","503.00","459.00","56.45K","4.19%"
"10/01/1987","477.20","459.80","496.00","457.90","775.14K","4.01%"
"09/01/1987","458.80","460.10","470.60","458.00","78.28K","0.61%"
"08/01/1987","456.00","478.00","484.20","451.50","87.92K","-2.88%"
"07/01/1987","469.50","452.00","470.00","447.80","10.32K","3.23%"
"06/01/1987","454.80","449.50","468.80","437.60","650.86K","-0.26%"
"05/01/1987","456.00","462.30","480.00","450.00","56.77K","-0.70%"
"04/01/1987","459.20","422.50","480.50","418.50","933.97K","8.63%"
"03/01/1987","422.70","407.50","429.90","407.10","74.14K","3.25%"
"02/01/1987","409.40","409.70","413.40","391.40","552.09K","0.12%"
"01/01/1987","408.90","407.50","426.00","400.00","73.69K","0.22%"
"12/01/1986","408.00","402.00","403.50","386.50","449.91K","3.34%"
"11/01/1986","394.80","408.40","415.00","380.00","20.45K","-3.02%"
"10/01/1986","407.10","430.30","446.50","405.00","701.58K","-5.28%"
"09/01/1986","429.80","409.60","443.40","407.50","92.20K","9.28%"
"08/01/1986","393.30","364.20","401.00","360.50","62.21K","7.37%"
"07/01/1986","366.30","347.40","368.00","346.50","6.69K","4.45%"
"06/01/1986","350.70","346.20","355.00","336.50","345.51K","1.04%"
"05/01/1986","347.10","344.40","347.50","341.40","34.46K","-0.74%"
"04/01/1986","349.70","336.00","352.50","330.80","495.54K","4.45%"
"03/01/1986","334.80","342.30","359.20","334.00","66.38K","-2.33%"
"02/01/1986","342.80","351.00","357.50","331.70","445.78K","-2.86%"
"01/01/1986","352.90","330.70","369.50","330.70","68.94K","6.01%"
"12/01/1985","332.90","327.80","335.00","315.50","357.21K","1.71%"
"11/01/1985","327.30","330.10","334.90","325.10","23.97K","-0.43%"
"10/01/1985","328.70","326.00","335.70","324.90","355.35K","0.49%"
"09/01/1985","327.10","328.80","333.50","317.70","30.72K","-3.11%"
"08/01/1985","337.60","326.70","345.80","322.50","76.22K","1.99%"
"07/01/1985","331.00","317.80","333.70","313.00","11.00K","3.02%"
"06/01/1985","321.30","320.10","331.30","312.50","351.82K","0.56%"
"05/01/1985","319.50","317.30","328.50","311.60","51.46K","-0.37%"
"04/01/1985","320.70","324.50","338.60","318.00","458.58K","-4.01%"
"03/01/1985","334.10","292.00","337.20","290.00","44.94K","14.89%"
"02/01/1985","290.80","306.00","308.50","282.60","427.84K","-5.40%"
"01/01/1985","307.40","306.20","311.00","298.80","76.42K","-1.38%"
"12/01/1984","311.70","332.50","337.00","306.60","426.71K","-6.54%"
"11/01/1984","333.50","340.80","355.30","329.80","62.98K","-1.56%"
"10/01/1984","338.80","352.00","355.80","338.00","492.39K","-3.56%"
"09/01/1984","351.30","343.90","356.10","340.30","73.29K","0.03%"
"08/01/1984","351.20","343.70","362.50","342.00","44.38K","2.24%"
"07/01/1984","343.50","377.30","377.30","336.90","16.73K","-9.56%"
"06/01/1984","379.80","399.30","405.30","370.00","568.54K","-3.51%"
"05/01/1984","393.60","384.00","395.50","376.80","81.89K","2.69%"
"04/01/1984","383.30","394.50","395.00","381.60","395.70K","-2.79%"
"03/01/1984","394.30","400.90","410.20","387.50","65.34K","-1.94%"
"02/01/1984","402.10","384.00","413.00","379.10","558.18K","6.04%"
"01/01/1984","379.20","382.30","383.50","367.00","59.88K","-3.09%"
"12/01/1983","391.30","405.00","410.00","375.50","440.25K","-4.33%"
"11/01/1983","409.00","384.00","414.00","379.20","126.08K","7.07%"
"10/01/1983","382.00","396.00","408.80","382.00","586.47K","-6.33%"
"09/01/1983","407.80","422.20","429.90","401.00","117.84K","-3.18%"
"08/01/1983","421.20","419.00","433.70","411.50","60.10K","0.29%"
"07/01/1983","420.00","424.60","438.00","417.00","18.85K","-0.45%"
"06/01/1983","421.90","420.00","428.30","401.00","645.95K","0.81%"
"05/01/1983","418.50","433.80","456.50","417.80","94.86K","-4.19%"
"04/01/1983","436.80","422.50","450.80","422.50","532.87K","3.51%"
"03/01/1983","422.00","418.00","441.60","411.00","64.29K","-1.19%"
"02/01/1983","427.10","517.50","520.00","427.10","741.41K","-17.58%"
"01/01/1983","518.20","457.60","519.00","456.00","145.96K","13.57%"
"12/01/1982","456.30","446.00","470.20","435.00","661.68K","1.63%"
"11/01/1982","449.00","436.50","449.50","422.00","150.94K","4.54%"
"10/01/1982","429.50","408.50","465.00","390.00","865.10K","6.10%"
"09/01/1982","404.80","415.00","423.50","396.00","153.11K","-3.27%"
"08/01/1982","418.50","358.00","434.00","334.00","272.81K","20.05%"
"07/01/1982","348.60","318.00","372.00","313.50","36.22K","8.36%"
"06/01/1982","321.70","325.50","343.00","297.50","669.20K","-2.22%"
"05/01/1982","329.00","352.90","352.90","328.00","65.72K","-7.11%"
"04/01/1982","354.20","334.50","377.50","328.80","735.40K","5.98%"
"03/01/1982","334.20","369.80","369.80","319.00","124.82K","-9.31%"
"02/01/1982","368.50","387.00","394.40","362.70","433.23K","-5.95%"
"01/01/1982","391.80","391.50","395.80","388.00","74.85K","-3.64%"
"12/01/1981","406.60","407.00","437.00","396.50","762.83K","-1.62%"
"11/01/1981","413.30","437.60","439.40","400.00","63.66K","-5.27%"
"10/01/1981","436.30","446.00","469.00","428.50","525.98K","-1.51%"
"09/01/1981","443.00","441.00","473.50","428.00","108.12K","1.30%"
"08/01/1981","437.30","402.00","451.00","395.50","98.60K","5.88%"
"07/01/1981","413.00","424.20","429.00","402.00","14.86K","-4.79%"
"06/01/1981","433.80","495.50","497.50","430.00","469.80K","-11.92%"
"05/01/1981","492.50","502.50","503.90","472.10","63.18K","-0.51%"
"04/01/1981","495.00","524.00","545.50","476.00","389.23K","-5.80%"
"03/01/1981","525.50","470.40","556.00","466.10","95.48K","6.59%"
"02/01/1981","493.00","505.00","530.50","490.00","417.03K","-3.80%"
"01/01/1981","512.50","601.50","619.00","498.00","67.92K","-15.68%"
"12/01/1980","607.80","656.00","658.00","558.00","463.85K","-5.69%"
"11/01/1980","644.50","664.10","664.10","603.00","55.20K","-0.92%"
"10/01/1980","650.50","699.00","708.50","633.50","468.38K","-5.52%"
"09/01/1980","688.50","652.60","724.10","650.00","91.77K","6.12%"
"08/01/1980","648.80","630.00","659.00","609.80","66.88K","3.07%"
"07/01/1980","629.50","675.70","702.00","607.00","22.09K","-4.65%"
"06/01/1980","660.20","580.00","672.00","560.00","294.85K","18.95%"
"05/01/1980","555.00","526.00","562.50","506.00","44.19K","8.14%"
"04/01/1980","513.20","525.00","570.00","483.00","173.80K","-1.12%"
"03/01/1980","519.00","651.60","662.70","487.00","31.36K","-20.28%"
"02/01/1980","651.00","700.00","742.50","617.00","168.86K","-7.53%"
"01/01/1980","704.00","574.40","882.00","574.40","38.48K","28.14%"
"12/01/1979","549.40","440.00","515.00","433.00","","27.62%"
"11/01/1979","430.50","407.80","432.80","400.00","","8.85%"
"10/01/1979","395.50","395.50","395.50","395.50","","-6.03%"
"09/01/1979","420.90","420.90","420.90","420.90","","24.31%"
"08/01/1979","338.60","338.60","338.60","338.60","","9.86%"
"07/01/1979","308.20","308.20","308.20","308.20","","1.88%"
"06/01/1979","302.50","302.50","302.50","302.50","","0.73%"
"05/01/1979","300.30","300.30","300.30","300.30","","10.73%"
"04/01/1979","271.20","271.20","271.20","271.20","","2.19%"
"03/01/1979","265.40","265.40","265.40","265.40","","-5.62%"
"02/01/1979","281.20","281.20","281.20","281.20","","7.41%"
"01/01/1979","261.80","261.80","261.80","261.80","","1.24%"
"12/01/1978","258.60","258.60","258.60","258.60","","16.22%"
"11/01/1978","222.50","222.50","222.50","222.50","","-19.50%"
"10/01/1978","276.40","276.40","276.40","276.40","","10.21%"
"09/01/1978","250.80","250.80","250.80","250.80","","5.47%"
"08/01/1978","237.80","237.80","237.80","237.80","","0.21%"
"07/01/1978","237.30","237.30","237.30","237.30","","10.78%"
"06/01/1978","214.20","214.20","214.20","214.20","","-1.47%"
"05/01/1978","217.40","217.40","217.40","217.40","","27.43%"
"04/01/1978","170.60","185.70","185.90","166.80","","-8.38%"
"03/01/1978","186.20","184.90","192.80","176.00","","0.98%"
"02/01/1978","184.40","179.40","185.80","173.60","","3.07%"
"01/01/1978","178.90","169.90","179.70","165.50","","6.81%"
"12/01/1977","167.50","162.90","167.90","157.10","","3.20%"
"11/01/1977","162.30","163.80","169.90","154.70","","-0.25%"
"10/01/1977","162.70","157.80","166.80","155.40","","4.03%"
"09/01/1977","156.40","147.70","157.10","147.40","","5.60%"
"08/01/1977","148.10","147.20","150.20","144.00","","0.68%"
"07/01/1977","147.10","143.50","148.00","140.50","","2.44%"
"06/01/1977","143.60","144.80","145.60","137.60","","-0.49%"
"05/01/1977","144.30","147.90","149.70","142.00","","-2.50%"
"04/01/1977","148.00","150.50","154.70","144.80","","-1.99%"
"03/01/1977","151.00","143.00","154.70","142.40","","4.43%"
"02/01/1977","144.60","134.00","145.40","132.80","","7.91%"
"01/01/1977","134.00","135.50","137.70","127.50","","-1.25%"
"12/01/1976","135.70","131.90","139.90","131.30","","2.34%"
"11/01/1976","132.60","122.80","141.00","122.80","","7.11%"
"10/01/1976","123.80","115.80","126.00","112.90","","6.63%"
"09/01/1976","116.10","104.30","121.00","104.10","","12.50%"
"08/01/1976","103.20","113.70","115.20","100.00","","-9.63%"
"07/01/1976","114.20","123.60","124.50","105.00","","-7.83%"
"06/01/1976","123.90","127.80","132.50","123.50","","-2.67%"
"05/01/1976","127.30","128.80","129.80","124.10","","-1.24%"
"04/01/1976","128.90","129.70","131.00","126.90","","-0.62%"
"03/01/1976","129.70","132.50","135.30","127.50","","-2.19%"
"02/01/1976","132.60","130.50","134.70","128.50","","2.79%"
"01/01/1976","129.00","140.80","141.50","123.40","","-8.51%"
"12/01/1975","141.00","138.80","147.90","136.70","","1.59%"
"11/01/1975","138.80","143.50","149.10","138.10","","-2.80%"
"10/01/1975","142.80","145.00","148.00","138.50","","0.42%"
"09/01/1975","142.20","152.80","156.30","129.00","","-12.65%"
"08/01/1975","162.80","173.80","173.90","160.40","","-6.11%"
"07/01/1975","173.40","168.30","175.40","161.40","","3.34%"
"06/01/1975","167.80","164.50","175.00","160.00","","-0.71%"
"05/01/1975","169.00","167.00","176.90","163.40","","1.32%"
"04/01/1975","166.80","179.70","179.90","162.30","","-7.08%"
"03/01/1975","179.50","183.30","187.50","175.00","","-1.91%"
"02/01/1975","183.00","179.10","189.00","171.30","","2.81%"